CREATE DATABASE  IF NOT EXISTS `b106` /*!40100 DEFAULT CHARACTER SET utf8mb4 COLLATE utf8mb4_0900_ai_ci */ /*!80016 DEFAULT ENCRYPTION='N' */;
USE `b106`;
-- MySQL dump 10.13  Distrib 8.0.28, for Win64 (x86_64)
--
-- Host: j7b106.p.ssafy.io    Database: b106
-- ------------------------------------------------------
-- Server version	8.0.30-0ubuntu0.20.04.2

/*!40101 SET @OLD_CHARACTER_SET_CLIENT=@@CHARACTER_SET_CLIENT */;
/*!40101 SET @OLD_CHARACTER_SET_RESULTS=@@CHARACTER_SET_RESULTS */;
/*!40101 SET @OLD_COLLATION_CONNECTION=@@COLLATION_CONNECTION */;
/*!50503 SET NAMES utf8 */;
/*!40103 SET @OLD_TIME_ZONE=@@TIME_ZONE */;
/*!40103 SET TIME_ZONE='+00:00' */;
/*!40014 SET @OLD_UNIQUE_CHECKS=@@UNIQUE_CHECKS, UNIQUE_CHECKS=0 */;
/*!40014 SET @OLD_FOREIGN_KEY_CHECKS=@@FOREIGN_KEY_CHECKS, FOREIGN_KEY_CHECKS=0 */;
/*!40101 SET @OLD_SQL_MODE=@@SQL_MODE, SQL_MODE='NO_AUTO_VALUE_ON_ZERO' */;
/*!40111 SET @OLD_SQL_NOTES=@@SQL_NOTES, SQL_NOTES=0 */;

--
-- Table structure for table `favorite`
--

DROP TABLE IF EXISTS `favorite`;
/*!40101 SET @saved_cs_client     = @@character_set_client */;
/*!50503 SET character_set_client = utf8mb4 */;
CREATE TABLE `favorite` (
  `favorite_id` bigint NOT NULL,
  `challenge_id` bigint DEFAULT NULL,
  `user_id` bigint DEFAULT NULL,
  PRIMARY KEY (`favorite_id`),
  KEY `FKh3f2dg11ibnht4fvnmx60jcif` (`user_id`),
  CONSTRAINT `FKh3f2dg11ibnht4fvnmx60jcif` FOREIGN KEY (`user_id`) REFERENCES `user` (`user_id`)
) ENGINE=InnoDB DEFAULT CHARSET=utf8mb4 COLLATE=utf8mb4_0900_ai_ci;
/*!40101 SET character_set_client = @saved_cs_client */;

--
-- Dumping data for table `favorite`
--

LOCK TABLES `favorite` WRITE;
/*!40000 ALTER TABLE `favorite` DISABLE KEYS */;
/*!40000 ALTER TABLE `favorite` ENABLE KEYS */;
UNLOCK TABLES;

--
-- Table structure for table `hibernate_sequence`
--

DROP TABLE IF EXISTS `hibernate_sequence`;
/*!40101 SET @saved_cs_client     = @@character_set_client */;
/*!50503 SET character_set_client = utf8mb4 */;
CREATE TABLE `hibernate_sequence` (
  `next_val` bigint DEFAULT NULL
) ENGINE=InnoDB DEFAULT CHARSET=utf8mb4 COLLATE=utf8mb4_0900_ai_ci;
/*!40101 SET character_set_client = @saved_cs_client */;

--
-- Dumping data for table `hibernate_sequence`
--

LOCK TABLES `hibernate_sequence` WRITE;
/*!40000 ALTER TABLE `hibernate_sequence` DISABLE KEYS */;
INSERT INTO `hibernate_sequence` VALUES (351);
/*!40000 ALTER TABLE `hibernate_sequence` ENABLE KEYS */;
UNLOCK TABLES;

--
-- Table structure for table `interest`
--

DROP TABLE IF EXISTS `interest`;
/*!40101 SET @saved_cs_client     = @@character_set_client */;
/*!50503 SET character_set_client = utf8mb4 */;
CREATE TABLE `interest` (
  `interest_id` bigint NOT NULL,
  `interest_name` varchar(255) DEFAULT NULL,
  PRIMARY KEY (`interest_id`)
) ENGINE=InnoDB DEFAULT CHARSET=utf8mb4 COLLATE=utf8mb4_0900_ai_ci;
/*!40101 SET character_set_client = @saved_cs_client */;

--
-- Dumping data for table `interest`
--

LOCK TABLES `interest` WRITE;
/*!40000 ALTER TABLE `interest` DISABLE KEYS */;
INSERT INTO `interest` VALUES (2,'식생활'),(4,'취미'),(13,'학습'),(15,'그 외'),(17,'생활'),(19,'운동');
/*!40000 ALTER TABLE `interest` ENABLE KEYS */;
UNLOCK TABLES;

--
-- Table structure for table `photo`
--

DROP TABLE IF EXISTS `photo`;
/*!40101 SET @saved_cs_client     = @@character_set_client */;
/*!50503 SET character_set_client = utf8mb4 */;
CREATE TABLE `photo` (
  `photo_id` bigint NOT NULL,
  `photo_url` varchar(255) DEFAULT NULL,
  `user_id` bigint DEFAULT NULL,
  PRIMARY KEY (`photo_id`),
  KEY `FKncp190mcvd1kd21cmnibcm19s` (`user_id`),
  CONSTRAINT `FKncp190mcvd1kd21cmnibcm19s` FOREIGN KEY (`user_id`) REFERENCES `user` (`user_id`)
) ENGINE=InnoDB DEFAULT CHARSET=utf8mb4 COLLATE=utf8mb4_0900_ai_ci;
/*!40101 SET character_set_client = @saved_cs_client */;

--
-- Dumping data for table `photo`
--

LOCK TABLES `photo` WRITE;
/*!40000 ALTER TABLE `photo` DISABLE KEYS */;
/*!40000 ALTER TABLE `photo` ENABLE KEYS */;
UNLOCK TABLES;

--
-- Table structure for table `schedule`
--

DROP TABLE IF EXISTS `schedule`;
/*!40101 SET @saved_cs_client     = @@character_set_client */;
/*!50503 SET character_set_client = utf8mb4 */;
CREATE TABLE `schedule` (
  `schedule_id` bigint NOT NULL,
  `challenge_id` bigint DEFAULT NULL,
  `challenge_id_index` bigint DEFAULT NULL,
  `challenge_type` varchar(255) DEFAULT NULL,
  `challenger_id` bigint DEFAULT NULL,
  `job_type` varchar(255) DEFAULT NULL,
  `trigger_at` bigint DEFAULT NULL,
  `user_id` bigint DEFAULT NULL,
  `user_id_index` bigint DEFAULT NULL,
  `vote_id` bigint DEFAULT NULL,
  `photo_id` bigint DEFAULT NULL,
  PRIMARY KEY (`schedule_id`)
) ENGINE=InnoDB DEFAULT CHARSET=utf8mb4 COLLATE=utf8mb4_0900_ai_ci;
/*!40101 SET character_set_client = @saved_cs_client */;

--
-- Dumping data for table `schedule`
--

LOCK TABLES `schedule` WRITE;
/*!40000 ALTER TABLE `schedule` DISABLE KEYS */;
INSERT INTO `schedule` VALUES (6,1,NULL,'DAILY',NULL,'CHALLENGE',1665532800000,NULL,NULL,NULL,NULL),(9,4,NULL,'DAILY',NULL,'CHALLENGE',1665532800000,NULL,NULL,NULL,NULL),(25,5,NULL,'DAILY',NULL,'CHALLENGE',1665532800000,NULL,NULL,NULL,NULL),(28,5,0,NULL,7,'VOTE',1664971320844,1,2,2,NULL),(29,5,0,NULL,7,'VOTE',1664972520666,1,2,3,NULL),(31,5,0,NULL,7,'VOTE',1664972620630,1,2,4,NULL),(32,4,0,NULL,5,'VOTE',1664972905071,1,1,5,NULL),(33,1,NULL,'DAILY',NULL,'CHALLENGE',1665532800000,NULL,NULL,NULL,NULL),(35,1,NULL,'DAILY',NULL,'CHALLENGE',1665532800000,NULL,NULL,NULL,NULL),(39,2,NULL,'DAILY',NULL,'CHALLENGE',1665532800000,NULL,NULL,NULL,NULL),(46,3,NULL,'DAILY',NULL,'CHALLENGE',1666137600000,NULL,NULL,NULL,NULL),(47,1,NULL,'DONATION',NULL,'CHALLENGE',1665532800000,NULL,NULL,NULL,NULL),(48,2,NULL,'DAILY',NULL,'CHALLENGE',1665532800000,NULL,NULL,NULL,NULL),(49,3,NULL,'DAILY',NULL,'CHALLENGE',1665532800000,NULL,NULL,NULL,NULL),(50,4,NULL,'DAILY',NULL,'CHALLENGE',1666137600000,NULL,NULL,NULL,NULL),(61,5,NULL,'DONATION',NULL,'CHALLENGE',1665532800000,NULL,NULL,NULL,NULL),(63,5,0,NULL,8,'VOTE',1664979101172,10,0,1,NULL),(65,6,NULL,'DONATION',NULL,'CHALLENGE',1665532800000,NULL,NULL,NULL,NULL),(75,2,1,NULL,6,'VOTE',1664980563308,70,1,1,NULL),(76,2,1,NULL,4,'VOTE',1664980768056,21,1,2,NULL),(77,2,0,NULL,2,'VOTE',1664981012151,1,1,3,NULL),(78,1,NULL,'DAILY',NULL,'CHALLENGE',1665619200000,NULL,NULL,NULL,NULL),(80,1,0,NULL,1,'VOTE',1664983234582,21,0,1,NULL),(81,1,NULL,'DAILY',NULL,'CHALLENGE',1665619200000,NULL,NULL,NULL,NULL),(83,2,NULL,'DAILY',NULL,'CHALLENGE',1665619200000,NULL,NULL,NULL,NULL),(85,3,NULL,'DAILY',NULL,'CHALLENGE',1665619200000,NULL,NULL,NULL,NULL),(95,1,2,NULL,7,'VOTE',1665016786457,92,0,1,NULL),(98,4,NULL,'DAILY',NULL,'CHALLENGE',1665619200000,NULL,NULL,NULL,NULL),(106,5,NULL,'DAILY',NULL,'CHALLENGE',1665619200000,NULL,NULL,NULL,NULL),(107,6,NULL,'DAILY',NULL,'CHALLENGE',1665619200000,NULL,NULL,NULL,NULL),(116,1,0,NULL,1,'VOTE',1665032099739,21,0,2,NULL),(117,10,NULL,'DAILY',NULL,'CHALLENGE',1665619200000,NULL,NULL,NULL,NULL),(125,11,NULL,'DAILY',NULL,'CHALLENGE',1665619200000,NULL,NULL,NULL,NULL),(129,12,NULL,'DAILY',NULL,'CHALLENGE',1665619200000,NULL,NULL,NULL,NULL),(130,6,1,NULL,10,'VOTE',1665037471385,21,1,3,NULL),(131,6,1,NULL,10,'VOTE',1665037551051,21,1,4,NULL),(132,6,1,NULL,10,'VOTE',1665037591395,21,1,5,NULL),(133,6,1,NULL,10,'VOTE',1665038649163,21,1,6,24),(134,6,1,NULL,10,'VOTE',1665039231225,21,1,7,25),(135,6,1,NULL,10,'VOTE',1665039242567,21,1,8,26),(136,6,1,NULL,10,'VOTE',1665039253181,21,1,9,27),(137,6,1,NULL,10,'VOTE',1665039253470,21,1,10,27),(138,6,1,NULL,10,'VOTE',1665039254093,21,1,11,27),(140,5,1,NULL,18,'VOTE',1665039578517,70,0,12,NULL),(141,1,0,NULL,1,'VOTE',1665039594149,21,0,13,1),(143,13,NULL,'DAILY',NULL,'CHALLENGE',1667433600000,NULL,NULL,NULL,NULL),(147,14,NULL,'DAILY',NULL,'CHALLENGE',1668643200000,NULL,NULL,NULL,NULL),(149,14,0,NULL,20,'VOTE',1665041135210,70,2,14,NULL),(155,15,NULL,'DAILY',NULL,'CHALLENGE',1665619200000,NULL,NULL,NULL,NULL),(157,10,0,NULL,15,'VOTE',1665042017525,21,3,15,35),(158,1,NULL,'DAILY',NULL,'CHALLENGE',1665619200000,NULL,NULL,NULL,NULL),(159,2,NULL,'DAILY',NULL,'CHALLENGE',1665619200000,NULL,NULL,NULL,NULL),(161,1,1,NULL,2,'VOTE',1665044421946,21,0,1,1),(163,1,1,NULL,2,'VOTE',1665045189474,21,0,2,2),(165,1,1,NULL,2,'VOTE',1665045247590,21,0,3,3),(167,1,1,NULL,2,'VOTE',1665045422006,21,0,4,4),(170,16,NULL,'DAILY',NULL,'CHALLENGE',1665619200000,NULL,NULL,NULL,NULL),(172,3,NULL,'DONATION',NULL,'CHALLENGE',1665619200000,NULL,NULL,NULL,NULL),(173,4,NULL,'DAILY',NULL,'CHALLENGE',1665619200000,NULL,NULL,NULL,NULL),(174,5,NULL,'DAILY',NULL,'CHALLENGE',1665619200000,NULL,NULL,NULL,NULL),(175,6,NULL,'DAILY',NULL,'CHALLENGE',1665619200000,NULL,NULL,NULL,NULL),(176,7,NULL,'DAILY',NULL,'CHALLENGE',1665619200000,NULL,NULL,NULL,NULL),(177,8,NULL,'DONATION',NULL,'CHALLENGE',1665705600000,NULL,NULL,NULL,NULL),(181,1,1,NULL,2,'VOTE',1665076362832,21,0,5,1),(182,1,1,NULL,2,'VOTE',1665076387634,21,0,6,2),(183,1,1,NULL,2,'VOTE',1665076544838,21,0,7,1),(184,1,1,NULL,2,'VOTE',1665076788525,21,0,8,1),(187,2,0,NULL,3,'VOTE',1665077493128,1,1,9,NULL),(188,2,0,NULL,3,'VOTE',1665077522519,1,1,10,NULL),(189,1,0,NULL,1,'VOTE',1665077590549,1,0,11,NULL),(190,9,NULL,'DAILY',NULL,'CHALLENGE',1665705600000,NULL,NULL,NULL,NULL),(191,10,NULL,'DAILY',NULL,'CHALLENGE',1665705600000,NULL,NULL,NULL,NULL),(195,10,0,NULL,12,'VOTE',1665078332783,1,2,12,NULL),(196,10,0,NULL,12,'VOTE',1665078367668,1,2,13,NULL),(197,10,1,NULL,14,'VOTE',1665078404885,21,8,14,9),(198,10,1,NULL,14,'VOTE',1665078977247,21,8,15,11),(199,10,1,NULL,14,'VOTE',1665079034232,21,8,16,10),(200,10,1,NULL,14,'VOTE',1665079160476,21,8,17,10),(201,10,1,NULL,14,'VOTE',1665079627710,21,8,18,10),(202,11,NULL,'DONATION',NULL,'CHALLENGE',1665705600000,NULL,NULL,NULL,NULL),(205,12,NULL,'DAILY',NULL,'CHALLENGE',1667520000000,NULL,NULL,NULL,NULL),(207,1,NULL,'DAILY',NULL,'CHALLENGE',1667952000000,NULL,NULL,NULL,NULL),(208,2,NULL,'DAILY',NULL,'CHALLENGE',1667865600000,NULL,NULL,NULL,NULL),(209,3,NULL,'DAILY',NULL,'CHALLENGE',1667174400000,NULL,NULL,NULL,NULL),(210,4,NULL,'DAILY',NULL,'CHALLENGE',1667779200000,NULL,NULL,NULL,NULL),(211,5,NULL,'DAILY',NULL,'CHALLENGE',1668988800000,NULL,NULL,NULL,NULL),(212,6,NULL,'DAILY',NULL,'CHALLENGE',1667347200000,NULL,NULL,NULL,NULL),(213,7,NULL,'DAILY',NULL,'CHALLENGE',1667174400000,NULL,NULL,NULL,NULL),(214,8,NULL,'DAILY',NULL,'CHALLENGE',1668556800000,NULL,NULL,NULL,NULL),(215,9,NULL,'DAILY',NULL,'CHALLENGE',1666569600000,NULL,NULL,NULL,NULL),(216,10,NULL,'DAILY',NULL,'CHALLENGE',1666310400000,NULL,NULL,NULL,NULL),(217,11,NULL,'DAILY',NULL,'CHALLENGE',1666569600000,NULL,NULL,NULL,NULL),(218,12,NULL,'DAILY',NULL,'CHALLENGE',1668470400000,NULL,NULL,NULL,NULL),(219,13,NULL,'DAILY',NULL,'CHALLENGE',1667174400000,NULL,NULL,NULL,NULL),(220,14,NULL,'DAILY',NULL,'CHALLENGE',1667865600000,NULL,NULL,NULL,NULL),(221,15,NULL,'DAILY',NULL,'CHALLENGE',1667779200000,NULL,NULL,NULL,NULL),(222,16,NULL,'DAILY',NULL,'CHALLENGE',1666310400000,NULL,NULL,NULL,NULL),(223,17,NULL,'DAILY',NULL,'CHALLENGE',1667952000000,NULL,NULL,NULL,NULL),(224,18,NULL,'DONATION',NULL,'CHALLENGE',1666569600000,NULL,NULL,NULL,NULL),(225,19,NULL,'DAILY',NULL,'CHALLENGE',1666569600000,NULL,NULL,NULL,NULL),(226,20,NULL,'DAILY',NULL,'CHALLENGE',1668038400000,NULL,NULL,NULL,NULL),(227,21,NULL,'DAILY',NULL,'CHALLENGE',1667779200000,NULL,NULL,NULL,NULL),(228,22,NULL,'DAILY',NULL,'CHALLENGE',1667865600000,NULL,NULL,NULL,NULL),(229,23,NULL,'DAILY',NULL,'CHALLENGE',1667088000000,NULL,NULL,NULL,NULL),(230,24,NULL,'DAILY',NULL,'CHALLENGE',1667174400000,NULL,NULL,NULL,NULL),(231,25,NULL,'DONATION',NULL,'CHALLENGE',1665964800000,NULL,NULL,NULL,NULL),(232,26,NULL,'DAILY',NULL,'CHALLENGE',1668211200000,NULL,NULL,NULL,NULL),(233,27,NULL,'DAILY',NULL,'CHALLENGE',1667606400000,NULL,NULL,NULL,NULL),(234,28,NULL,'DAILY',NULL,'CHALLENGE',1667433600000,NULL,NULL,NULL,NULL),(235,29,NULL,'DAILY',NULL,'CHALLENGE',1667174400000,NULL,NULL,NULL,NULL),(236,30,NULL,'DAILY',NULL,'CHALLENGE',1667001600000,NULL,NULL,NULL,NULL),(237,31,NULL,'DAILY',NULL,'CHALLENGE',1666569600000,NULL,NULL,NULL,NULL),(238,32,NULL,'DONATION',NULL,'CHALLENGE',1667865600000,NULL,NULL,NULL,NULL),(239,33,NULL,'DONATION',NULL,'CHALLENGE',1667174400000,NULL,NULL,NULL,NULL),(240,34,NULL,'DONATION',NULL,'CHALLENGE',1667088000000,NULL,NULL,NULL,NULL),(241,35,NULL,'DAILY',NULL,'CHALLENGE',1666483200000,NULL,NULL,NULL,NULL),(242,36,NULL,'DONATION',NULL,'CHALLENGE',1668988800000,NULL,NULL,NULL,NULL),(243,37,NULL,'DAILY',NULL,'CHALLENGE',1666569600000,NULL,NULL,NULL,NULL),(244,38,NULL,'DAILY',NULL,'CHALLENGE',1668988800000,NULL,NULL,NULL,NULL),(245,39,NULL,'DONATION',NULL,'CHALLENGE',1666396800000,NULL,NULL,NULL,NULL),(246,40,NULL,'DAILY',NULL,'CHALLENGE',1667174400000,NULL,NULL,NULL,NULL),(247,41,NULL,'DAILY',NULL,'CHALLENGE',1668038400000,NULL,NULL,NULL,NULL),(248,42,NULL,'DONATION',NULL,'CHALLENGE',1666569600000,NULL,NULL,NULL,NULL),(249,43,NULL,'DAILY',NULL,'CHALLENGE',1668384000000,NULL,NULL,NULL,NULL),(250,44,NULL,'DAILY',NULL,'CHALLENGE',1669680000000,NULL,NULL,NULL,NULL),(251,45,NULL,'DONATION',NULL,'CHALLENGE',1669075200000,NULL,NULL,NULL,NULL),(252,13,NULL,'DAILY',NULL,'CHALLENGE',1666396800000,NULL,NULL,NULL,NULL),(253,14,NULL,'DAILY',NULL,'CHALLENGE',1666915200000,NULL,NULL,NULL,NULL),(254,15,NULL,'DAILY',NULL,'CHALLENGE',1666569600000,NULL,NULL,NULL,NULL),(256,18,NULL,'DAILY',NULL,'CHALLENGE',1665705600000,NULL,NULL,NULL,NULL),(271,19,NULL,'DAILY',NULL,'CHALLENGE',1665705600000,NULL,NULL,NULL,NULL),(280,13,2,NULL,32,'VOTE',1665121414981,1,9,19,35),(281,20,NULL,'DONATION',NULL,'CHALLENGE',1667174400000,NULL,NULL,NULL,NULL),(284,13,1,NULL,31,'VOTE',1665122256171,21,15,20,36),(285,13,1,NULL,31,'VOTE',1665122266206,21,15,21,36),(286,1,NULL,'DAILY',NULL,'CHALLENGE',1665705600000,NULL,NULL,NULL,NULL),(287,2,NULL,'DAILY',NULL,'CHALLENGE',1665705600000,NULL,NULL,NULL,NULL),(288,3,NULL,'DAILY',NULL,'CHALLENGE',1666915200000,NULL,NULL,NULL,NULL),(290,4,NULL,'DONATION',NULL,'CHALLENGE',1666569600000,NULL,NULL,NULL,NULL),(299,3,0,NULL,4,'VOTE',1665123610322,1,1,1,9),(303,21,NULL,'DONATION',NULL,'CHALLENGE',1667174400000,NULL,NULL,NULL,NULL),(305,5,NULL,'DONATION',NULL,'CHALLENGE',1667174400000,NULL,NULL,NULL,NULL),(308,3,2,NULL,8,'VOTE',1665126533796,21,2,2,6),(309,6,NULL,'DAILY',NULL,'CHALLENGE',1665705600000,NULL,NULL,NULL,NULL),(310,7,NULL,'DAILY',NULL,'CHALLENGE',1665705600000,NULL,NULL,NULL,NULL),(311,8,NULL,'DAILY',NULL,'CHALLENGE',1665705600000,NULL,NULL,NULL,NULL),(312,9,NULL,'DAILY',NULL,'CHALLENGE',1665705600000,NULL,NULL,NULL,NULL),(314,10,NULL,'DAILY',NULL,'CHALLENGE',1665705600000,NULL,NULL,NULL,NULL),(315,11,NULL,'DAILY',NULL,'CHALLENGE',1665705600000,NULL,NULL,NULL,NULL),(326,12,NULL,'DAILY',NULL,'CHALLENGE',1665705600000,NULL,NULL,NULL,NULL),(331,46,NULL,'DAILY',NULL,'CHALLENGE',1667606400000,NULL,NULL,NULL,NULL),(333,47,NULL,'DONATION',NULL,'CHALLENGE',1667520000000,NULL,NULL,NULL,NULL),(338,48,NULL,'DONATION',NULL,'CHALLENGE',1667174400000,NULL,NULL,NULL,NULL),(339,19,NULL,'DAILY',NULL,'CHALLENGE',1665705600000,NULL,NULL,NULL,NULL),(341,49,NULL,'DONATION',NULL,'CHALLENGE',1669680000000,NULL,NULL,NULL,NULL);
/*!40000 ALTER TABLE `schedule` ENABLE KEYS */;
UNLOCK TABLES;

--
-- Table structure for table `user`
--

DROP TABLE IF EXISTS `user`;
/*!40101 SET @saved_cs_client     = @@character_set_client */;
/*!50503 SET character_set_client = utf8mb4 */;
CREATE TABLE `user` (
  `user_id` bigint NOT NULL,
  `description` varchar(255) DEFAULT NULL,
  `email` varchar(255) DEFAULT NULL,
  `nickname` varchar(255) DEFAULT NULL,
  `picurl` varchar(255) DEFAULT NULL,
  PRIMARY KEY (`user_id`)
) ENGINE=InnoDB DEFAULT CHARSET=utf8mb4 COLLATE=utf8mb4_0900_ai_ci;
/*!40101 SET character_set_client = @saved_cs_client */;

--
-- Dumping data for table `user`
--

LOCK TABLES `user` WRITE;
/*!40000 ALTER TABLE `user` DISABLE KEYS */;
INSERT INTO `user` VALUES (1,'안녕하세요 맨두입니다! 맨두맨두!','ejrtks261@nate.com','만두','http://k.kakaocdn.net/dn/dpk9l1/btqmGhA2lKL/Oz0wDuJn1YV2DIn92f6DVK/img_640x640.jpg'),(7,NULL,'rlwls1101@hanmail.net','귤까르모고','http://k.kakaocdn.net/dn/SYXl2/btrLu2do4Zp/RnRgOnI73AkCweYDmXmhRk/img_640x640.jpg'),(10,'안녕하세요 챌린이 김잼송입니다. ','chasongh3ui@kakao.com','김잼송','http://k.kakaocdn.net/dn/dpk9l1/btqmGhA2lKL/Oz0wDuJn1YV2DIn92f6DVK/img_640x640.jpg'),(21,'갓생을 살고 싶은 조사장','na0173@kakao.com','조사장','http://k.kakaocdn.net/dn/dpk9l1/btqmGhA2lKL/Oz0wDuJn1YV2DIn92f6DVK/img_640x640.jpg'),(51,NULL,'goag56789006@naver.com','코치입니다','http://k.kakaocdn.net/dn/bbeKOD/btrm1jb97ax/qdBNzQ5DfucTbFXWcL0TwK/img_640x640.jpg'),(70,NULL,'kww0915@naver.com','클람','https://special7333.s3.ap-northeast-2.amazonaws.com/41791dab-e367-401a-b2b0-94ae772f6729.jpg'),(92,NULL,'jddkgusdlrj@nate.com','키키는 갓생을 살아','http://k.kakaocdn.net/dn/qHccJ/btrKOh93XHd/MW6htEy8opxHheN7k2WQUK/img_640x640.jpg'),(96,NULL,'wp29dud@naver.com','송제영','http://k.kakaocdn.net/dn/bxZkSm/btrMoTGXac2/fDGfzbo8WPa0b95k0oHgdk/img_640x640.jpg'),(99,NULL,'dev.dukgu@kakao.com','김덕구','http://k.kakaocdn.net/dn/dpk9l1/btqmGhA2lKL/Oz0wDuJn1YV2DIn92f6DVK/img_640x640.jpg'),(108,NULL,'megahawk@daum.net','aaaaaaaaaaaa','http://k.kakaocdn.net/dn/F4Hxb/btrMU6FXWOw/0ksLmAkTqPjsMhANBruks1/img_640x640.jpg'),(118,NULL,'chasonghui@kakao.com','잼뵹붸르','http://k.kakaocdn.net/dn/dpk9l1/btqmGhA2lKL/Oz0wDuJn1YV2DIn92f6DVK/img_640x640.jpg'),(300,NULL,'khlzzang@daum.net','권혁림입니다','http://k.kakaocdn.net/dn/cokq86/btrHqoyu7yK/0theMI5FrBbwjl0ZJuk2kK/img_640x640.jpg'),(322,NULL,'yujin178@kakao.com','악성유저 아님','http://k.kakaocdn.net/dn/dpk9l1/btqmGhA2lKL/Oz0wDuJn1YV2DIn92f6DVK/img_640x640.jpg');
/*!40000 ALTER TABLE `user` ENABLE KEYS */;
UNLOCK TABLES;

--
-- Table structure for table `user_interest`
--

DROP TABLE IF EXISTS `user_interest`;
/*!40101 SET @saved_cs_client     = @@character_set_client */;
/*!50503 SET character_set_client = utf8mb4 */;
CREATE TABLE `user_interest` (
  `user_interest_id` bigint NOT NULL,
  `interest_id` bigint DEFAULT NULL,
  `user_id` bigint DEFAULT NULL,
  PRIMARY KEY (`user_interest_id`),
  KEY `FKb2c20k2dqknrm5t337typ3s1b` (`interest_id`),
  KEY `FKdi9smphhv09dottb2sc1j3k64` (`user_id`),
  CONSTRAINT `FKb2c20k2dqknrm5t337typ3s1b` FOREIGN KEY (`interest_id`) REFERENCES `interest` (`interest_id`),
  CONSTRAINT `FKdi9smphhv09dottb2sc1j3k64` FOREIGN KEY (`user_id`) REFERENCES `user` (`user_id`)
) ENGINE=InnoDB DEFAULT CHARSET=utf8mb4 COLLATE=utf8mb4_0900_ai_ci;
/*!40101 SET character_set_client = @saved_cs_client */;

--
-- Dumping data for table `user_interest`
--

LOCK TABLES `user_interest` WRITE;
/*!40000 ALTER TABLE `user_interest` DISABLE KEYS */;
INSERT INTO `user_interest` VALUES (8,2,7),(40,2,10),(41,13,10),(42,15,10),(43,17,10),(44,19,10),(45,4,10),(52,19,51),(53,13,51),(54,15,51),(97,19,96),(100,19,99),(101,17,99),(102,2,99),(103,4,99),(104,13,99),(105,15,99),(109,19,108),(119,17,118),(120,19,118),(121,4,118),(122,2,118),(123,13,118),(124,15,118),(168,2,92),(169,4,92),(301,19,300),(302,2,300),(323,19,322),(324,17,322),(325,13,322),(334,2,70),(335,19,70),(336,4,70),(343,2,1),(344,4,1),(345,17,1),(346,13,1),(347,19,1),(348,15,1),(350,19,21);
/*!40000 ALTER TABLE `user_interest` ENABLE KEYS */;
UNLOCK TABLES;
/*!40103 SET TIME_ZONE=@OLD_TIME_ZONE */;

/*!40101 SET SQL_MODE=@OLD_SQL_MODE */;
/*!40014 SET FOREIGN_KEY_CHECKS=@OLD_FOREIGN_KEY_CHECKS */;
/*!40014 SET UNIQUE_CHECKS=@OLD_UNIQUE_CHECKS */;
/*!40101 SET CHARACTER_SET_CLIENT=@OLD_CHARACTER_SET_CLIENT */;
/*!40101 SET CHARACTER_SET_RESULTS=@OLD_CHARACTER_SET_RESULTS */;
/*!40101 SET COLLATION_CONNECTION=@OLD_COLLATION_CONNECTION */;
/*!40111 SET SQL_NOTES=@OLD_SQL_NOTES */;

-- Dump completed on 2022-10-07  0:39:51
